GL Account Name,Total Amount
COGS,11384906.0295
Checking Account,11256633.1595
Inventory,626067.1860000001
"Property, Plant & Equipment",61427.649999999994
GST Payable,-228722.6975
Share Capital,-258000.0
AP,-12676020.976499999
Revenue,-16646854.364
